"action","2015 우주특집 단편"
"action","3P"
"action","MZ"
"action","OH, MY GOD!"
"action","갓 오브 하이스쿨"
"action","개판"
"action","격투기특성화사립고교 극지고"
"action","고수"
"action","굿모닝 보스"
"action","귀도호가록"
"action","기사도"
"action","나노리스트"
"action","낚시신공"
"action","네버랜 연대기"
"action","대가리"
"action","더 게이머"
"action","돌아온 럭키짱"
"action","동토의 여명"
"action","둥굴레차!"
"action","라크리모사"
"action","레드돌"
"action","레사(lessa)"
"action","마루한 - 구현동화전"
"action","뱀파이어"
"action","뱀피르"
"action","버닝헬"
"action","부활남"
"action","블랙시저스"
"action","블레이드 노트"
"action","사이드킥"
"action","사이드킥2"
"action","상중하"
"action","소녀더와일즈"
"action","스페이스 차이나드레스"
"action","쎈놈 외전"
"action","쎈놈"
"action","씬커"
"action","야부리맨"
"action","어빌리티"
"action","언더클래스 히어로"
"action","열렙전사"
"action","인형의 기사"
"action","전설의 레전드"
"action","지원"
"action","진진돌이 제로"
"action","첩보의 별"
"action","최강전설 강해효"
"action","크레이터"
"action","키드갱 시즌2"
"action","킥"
"action","킬러분식"
"action","테러맨"
"action","퇴마전쟁"
"action","팀피닉스"
"action","폭풍의 전학생 - 리부트"
"action","폭풍의 전학생"
"action","플로우"
"action","하이브3"
"action","헬퍼 2 : 킬베로스"
"action","헬퍼"
"action","호랑이형님"
"comic","2016 학교 다녀오겠습니다"
"comic","203호 저승사자"
"comic","SM 플레이어"
"comic","가담항설"
"comic","가우스전자 시즌1~2"
"comic","가우스전자 시즌3"
"comic","갸오오와 사랑꾼들"
"comic","격투기특성화사립고교 극지고"
"comic","경운기를 탄 왕자님"
"comic","고삼이 집나갔다"
"comic","골방환상곡"
"comic","공대생 너무만화"
"comic","국가의 탄생"
"comic","굿모닝 보스"
"comic","까뱅"
"comic","꽃가족"
"comic","나는 귀머거리다"
"comic","나는 어디에 있는 거니"
"comic","나란의사 그런의사"
"comic","나의 목소리를 들어라"
"comic","나이스진타임"
"comic","낚시신공"
"comic","낢에게와요"
"comic","낢이사는이야기"
"comic","남기한엘리트만들기"
"comic","내 ID는 강남미인!"
"comic","내가 결혼할 때까지"
"comic","내일은 럭키곰스타"
"comic","내일은 웹툰"
"comic","네이버 앱피소드"
"comic","놓정동화"
"comic","놓지마 정신줄"
"comic","달수 이야기"
"comic","달콤한 인생"
"comic","닭통령 계양반"
"comic","대학일기"
"comic","돌아온 럭키짱"
"comic","러브슬립"
"comic","롤랑 수도원 사건일지"
"comic","리얼주주"
"comic","마스크걸"
"comic","마음의소리"
"comic","만렙소녀 오오라"
"comic","맛집남녀"
"comic","모던패밀리"
"comic","모태솔로수용소 시즌2"
"comic","모태솔로수용소"
"comic","목욕의 신"
"comic","미라클! 용사님"
"comic","미숙한 친구는 G구인"
"comic","바나나걸"
"comic","밥풀때기"
"comic","백귀야행지"
"comic","버프소녀 오오라"
"comic","부토"
"comic","불만시대"
"comic","빵점동맹"
"comic","사랑의 아쿠아리움"
"comic","삼국전투기"
"comic","생활의참견"
"comic","서북의 저승사자"
"comic","선천적 얼간이들"
"comic","소년들은 무엇을 하고 있을까"
"comic","슈퍼트리오 시즌2"
"comic","슈퍼트리오"
"comic","스마트폰 게임 개발 이야기"
"comic","스쿨홀릭"
"comic","스퍼맨"
"comic","스페이스 차이나드레스"
"comic","식스센스"
"comic","실질객관동화"
"comic","실질객관영화"
"comic","심부름센터 K"
"comic","심심한 마왕"
"comic","쌉니다 천리마마트"
"comic","썸남"
"comic","아이돌 연구소"
"comic","악당의 사연"
"comic","알게뭐야"
"comic","야! 오이"
"comic","야부리맨"
"comic","언덕 위의 제임스"
"comic","여탕보고서"
"comic","역전! 야매요리"
"comic","연애의 정령"
"comic","연애혁명"
"comic","영웅열공전"
"comic","오란씨100"
"comic","오빠 왔다"
"comic","와라! 편의점"
"comic","와라편의점 the animation"
"comic","와일드와일드워커스"
"comic","와탕카"
"comic","와탕카2"
"comic","요리대마왕"
"comic","우리들은 푸르다"
"comic","우주전함 몰라몰라"
"comic","웃지 않는 개그반 시즌3"
"comic","웃지 않는 개그반"
"comic","위아더 능력자!"
"comic","윌유메리미"
"comic","유미의 세포들"
"comic","이말년 서유기"
"comic","이말년씨리즈"
"comic","이별만화 완성도"
"comic","입시명문사립 정글고등학교"
"comic","잉잉잉"
"comic","전설의 레전드"
"comic","전자오락수호대"
"comic","정열맨"
"comic","조선왕조실톡"
"comic","질풍기획 시즌1"
"comic","질풍기획 시즌2"
"comic","차원이 다른 만화"
"comic","첩보의 별"
"comic","출격! 반보트"
"comic","취업의소리"
"comic","키드갱 시즌2"
"comic","키드갱"
"comic","킬러 김빵빵"
"comic","타임인조선"
"comic","탐구생활2"
"comic","탐구생활3"
"comic","탐구생활4-그대와 함께 하이킹"
"comic","터치! 메리크리스마스"
"comic","트라우마"
"comic","판다독"
"comic","판타스틱 어른백서"
"comic","패션왕"
"comic","평범한 8반"
"comic","폭풍의 전학생 - 리부트"
"comic","플라스틱 걸"
"comic","피터팬날다"
"comic","하루 3컷"
"comic","헬로 미스터 테디"
"comic","혈액형에 관한 간단한 고찰"
"comic","호랭총각"
"sports","GM"
"sports","MLB카툰"
"sports","그린보이"
"sports","라이징패스트볼"
"sports","리턴"
"sports","번데기스"
"sports","뷰티플 게임"
"sports","윈드브레이커"
"sports","자율공상축구탐구만화"
"sports","조석축구만화"
"sports","화이트멜로우"
"episode","2016 학교 다녀오겠습니다"
"episode","203호 저승사자"
"episode","MLB카툰"
"episode","Penguin loves Mev"
"episode","가우스전자 시즌3"
"episode","개편 축하 릴레이 카툰"
"episode","갸오오와 사랑꾼들"
"episode","겨울동화"
"episode","골방환상곡"
"episode","구석구석캠페인"
"episode","까뱅"
"episode","나는 귀머거리다"
"episode","나이스진타임"
"episode","낢 부럽지 않은 신혼여행기"
"episode","낢이사는이야기"
"episode","내 어린고양이와 늙은개"
"episode","내일은 웹툰"
"episode","네이버 앱피소드"
"episode","놓지마 정신줄"
"episode","달콤한 인생"
"episode","대학일기"
"episode","도자기"
"episode","동경소녀"
"episode","마음의소리"
"episode","만렙소녀 오오라"
"episode","만화사랑 캠페인"
"episode","모던패밀리 2"
"episode","모두에게 완자가"
"episode","미쳐 날뛰는 생활툰"
"episode","밥 먹고 갈래요?"
"episode","밥풀때기"
"episode","백귀야행지"
"episode","부부생활"
"episode","부토"
"episode","빨간책"
"episode","생활의참견"
"episode","선천적 얼간이들"
"episode","소년들은 무엇을 하고 있을까"
"episode","슈퍼 시크릿"
"episode","스마일 브러시, 오래된 사진."
"episode","스마일브러시"
"episode","스마트폰 게임 개발 이야기"
"episode","스쿨홀릭"
"episode","식스센스"
"episode","실질객관동화"
"episode","실질객관영화"
"episode","썸남"
"episode","아랫집 시누이"
"episode","아이돌 연구소"
"episode","아프니까 병원이다"
"episode","언덕 위의 제임스"
"episode","엄마와 딸 x2"
"episode","여탕보고서"
"episode","역전! 야매요리"
"episode","오늘 밤은 어둠이 무서워요"
"episode","오빠 왔다"
"episode","와라! 편의점"
"episode","와라편의점 the animation"
"episode","와탕카"
"episode","와탕카2"
"episode","움비처럼"
"episode","윌유메리미"
"episode","유미의 세포들"
"episode","이현세, 이두호의 지옥캠프 단편선"
"episode","일상날개짓"
"episode","일편단심화"
"episode","조석축구만화"
"episode","조선왕조실톡"
"episode","징글정글"
"episode","취업의소리"
"episode","터치! 메리크리스마스"
"episode","트라우마"
"episode","판다독"
"episode","판타스틱 어른백서"
"episode","패밀리 사이즈"
"episode","피터팬날다"
"episode","혈액형에 관한 간단한 고찰"
"episode","힘내요 일본!-[릴레이웹툰]"
"daily","2015 소름"
"daily","2016 학교 다녀오겠습니다"
"daily","Penguin loves Mev"
"daily","가우스전자 시즌1~2"
"daily","가우스전자 시즌3"
"daily","갸오오와 사랑꾼들"
"daily","고시생툰"
"daily","골방환상곡"
"daily","구석구석캠페인"
"daily","국가의 탄생"
"daily","꽃밭에솔"
"daily","나는 귀머거리다"
"daily","나는 어디에 있는 거니"
"daily","나이스진타임"
"daily","날로 먹는 연애"
"daily","낢 부럽지 않은 신혼여행기"
"daily","낢에게와요"
"daily","낢이사는이야기"
"daily","내 어린고양이와 늙은개"
"daily","내가 결혼할 때까지"
"daily","놓지마 정신줄"
"daily","달콤한 인생"
"daily","대학일기"
"daily","동경소녀"
"daily","마음의소리"
"daily","모두에게 완자가"
"daily","미쳐 날뛰는 생활툰"
"daily","바나나걸"
"daily","부부생활"
"daily","부토"
"daily","비바 산티아고"
"daily","삐뚤빼뚤해도 괜찮아"
"daily","생활의참견"
"daily","소녀의 세계"
"daily","수업시간그녀"
"daily","스마일 브러시, 오래된 사진."
"daily","스마일브러시"
"daily","스마트폰 게임 개발 이야기"
"daily","스쿨홀릭"
"daily","식스센스"
"daily","썸남"
"daily","아랫집 시누이"
"daily","아이들은 즐겁다"
"daily","아프니까 병원이다"
"daily","엄마와 딸 x2"
"daily","역전! 야매요리"
"daily","연놈"
"daily","연애의 정령"
"daily","오늘 밤은 어둠이 무서워요"
"daily","올해의 벚꽃도 함께"
"daily","와라! 편의점"
"daily","와라편의점 the animation"
"daily","와탕카"
"daily","와탕카2"
"daily","용이산다"
"daily","우바우"
"daily","윌유메리미"
"daily","유미의 세포들"
"daily","은주의 방 2"
"daily","은주의 방"
"daily","일상날개짓"
"daily","장미아파트 공경비"
"daily","질풍기획 시즌1"
"daily","참치와 돌고래"
"daily","천적"
"daily","취업의소리"
"daily","카라멜마끼아또"
"daily","탐구생활2"
"daily","탐구생활3"
"daily","탐구생활4-그대와 함께 하이킹"
"daily","터치! 메리크리스마스"
"daily","트라우마"
"daily","판다독"
"daily","패밀리 사이즈"
"daily","피터팬날다"
"daily","한 살이라도 어릴 때"
"daily","혈액형에 관한 간단한 고찰"
"daily","힘내요 일본!-[릴레이웹툰]"
"drama","17살, 그 여름날의 기적"
"drama","2012 지구가 멸망한다면?"
"drama","2015 사이"
"drama","2015 우주특집 단편"
"drama","2호선 세입자"
"drama","3P"
"drama","3단합체김창남"
"drama","ENT."
"drama","GM"
"drama","Ho!"
"drama","MODERN BOYS"
"drama","MY OH"
"drama","TLT (Tiger the Long tail)"
"drama","TLT season2"
"drama","wish-마녀의 시간"
"drama","가족사진"
"drama","강변살다"
"drama","거상 김만덕"
"drama","결계녀"
"drama","고고고"
"drama","고고루키루"
"drama","고삼이 집나갔다"
"drama","공복의 저녁식사"
"drama","공주는 잠 못 이루고"
"drama","구름의 노래"
"drama","국립자유경제 고등학교 세실고"
"drama","국립자유경제고등학교 세실고 2학기"
"drama","그녀는 흡!혈귀"
"drama","그런지"
"drama","기로"
"drama","기적! 우리에게 일어난 일들"
"drama","기타맨"
"drama","기태류"
"drama","길에서 만나다"
"drama","까치우는 날"
"drama","꽃밭에솔"
"drama","나노리스트"
"drama","나는 너를 보았다"
"drama","나란의사 그런의사"
"drama","날로 먹는 연애"
"drama","낢 부럽지 않은 신혼여행기"
"drama","남과 여"
"drama","남기한엘리트만들기"
"drama","낮에 뜨는 달"
"drama","너와 너 사이"
"drama","네가 없는 세상"
"drama","네로의 실험실"
"drama","녹두전"
"drama","늘 푸른 찻집"
"drama","다욤이의 다이어트 다이어리"
"drama","닥터 프로스트 시즌3"
"drama","닥터 프로스트"
"drama","단군할배요"
"drama","단편 할머니 나는내일죽는다"
"drama","달수 이야기"
"drama","당신만 몰라!"
"drama","도자기"
"drama","독신으로 살겠다"
"drama","동경소녀"
"drama","동네변호사 조들호 시즌1"
"drama","동네변호사 조들호 시즌2"
"drama","두근거려요"
"drama","두근두근두근거려"
"drama","러브슬립"
"drama","레드카펫"
"drama","레코닝"
"drama","리턴"
"drama","마녀사냥"
"drama","마루한 - 구현동화전"
"drama","마스크걸"
"drama","매지컬 고삼즈"
"drama","모디파이"
"drama","모태솔로수용소 시즌2"
"drama","모태솔로수용소"
"drama","목욕의 신"
"drama","무한동력"
"drama","묵회"
"drama","문아"
"drama","미결"
"drama","미래소녀"
"drama","미선 임파서블"
"drama","미쳐 날뛰는 생활툰"
"drama","바람의 색"
"drama","바로잡는 순애보"
"drama","바이올린처럼."
"drama","반월"
"drama","밥 먹고 갈래요?"
"drama","방과 후 전쟁활동"
"drama","방울토마토"
"drama","별의 유언"
"drama","복학왕"
"drama","봄이여 오라"
"drama","봉봉오쇼콜라"
"drama","불만시대"
"drama","붉은 실"
"drama","뷰티풀 군바리"
"drama","블레이드 노트"
"drama","비바 산티아고"
"drama","빵점동맹"
"drama","사노라면"
"drama","사또(Satto)"
"drama","사랑을 연기하다"
"drama","사랑의 아쿠아리움"
"drama","사랑의 외계인"
"drama","삼봉이발소"
"drama","상중하"
"drama","새끼손가락"
"drama","새와 같이"
"drama","색으로 말하다"
"drama","섀도우"
"drama","서북의 저승사자"
"drama","세개의시간"
"drama","소나기야"
"drama","소녀더와일즈"
"drama","소녀의 세계"
"drama","소설가J"
"drama","손의 흔적"
"drama","송곳 4부"
"drama","송곳"
"drama","수업시간그녀"
"drama","숲 속의 미마"
"drama","슈퍼트리오 시즌2"
"drama","슈퍼트리오"
"drama","스토커"
"drama","스튜디오 짭쪼롬"
"drama","스퍼맨"
"drama","스펙트럼 분석기"
"drama","스피릿 핑거스"
"drama","시노딕"
"drama","신과함께"
"drama","신령"
"drama","심장이뛰다"
"drama","싸귀2 : 퇴마록"
"drama","싸우자귀신아"
"drama","아는사람 이야기"
"drama","아메리카노 엑소더스"
"drama","아부쟁이"
"drama","아빠를 찾습니다"
"drama","아이덴티티"
"drama","아이들은 즐겁다"
"drama","아이들의 권 선생님"
"drama","아이소포스"
"drama","아프니까 병원이다"
"drama","악플게임"
"drama","안 돼요 마왕님!"
"drama","안나라수마나라"
"drama","알게뭐야"
"drama","어른스러운 철구"
"drama","어서오세요.305호에"
"drama","언터처블"
"drama","얼룩말"
"drama","엄마와 딸 x2"
"drama","에피소드칵테일"
"drama","여중생A"
"drama","연놈"
"drama","연민의 굴레"
"drama","연애세포"
"drama","연애혁명"
"drama","연옥님이 보고계셔"
"drama","열무가 익어간다"
"drama","열쇠줍는아이"
"drama","열아홉스물하나"
"drama","영수의 봄"
"drama","오늘의 낭만부"
"drama","오란씨100"
"drama","오렌지 마말레이드"
"drama","오민혁 단편선"
"drama","오성X한음"
"drama","외모지상주의"
"drama","우렁집사"
"drama","우리 헤어졌어요"
"drama","우리의 이상한 여행"
"drama","운빨로맨스"
"drama","원 뿔러스 원"
"drama","원미동 백수"
"drama","월남특급"
"drama","웨스트우드 비브라토"
"drama","윈드브레이커"
"drama","유토피아"
"drama","은주의 방 2"
"drama","은주의 방"
"drama","이런 영웅은 싫어"
"drama","이별만화 완성도"
"drama","인챈트-나람이야기"
"drama","일등당첨"
"drama","장미아파트 공경비"
"drama","재앙은 미묘하게"
"drama","저승에서 만난 사람들"
"drama","제로"
"drama","제로게임"
"drama","제주구슬할망"
"drama","좀비를 위한 나라는 없다"
"drama","죽음에 관하여"
"drama","중립디자인구역"
"drama","지상 최악의 소년"
"drama","지새는 달"
"drama","지옥캠프 단편선 시즌2"
"drama","지옥캠프 단편선 시즌3"
"drama","지원"
"drama","질풍기획 시즌2"
"drama","찌질의 역사"
"drama","차원이 다른 만화"
"drama","차차차"
"drama","참치와 돌고래"
"drama","체크포인트"
"drama","최강전설 강해효"
"drama","출격! 반보트"
"drama","치즈인더트랩 1~3부"
"drama","치즈인더트랩 4부"
"drama","카페 드 쇼콜라"
"drama","코끼리를 끌어안는 방법"
"drama","콘스탄쯔 이야기"
"drama","크레이터"
"drama","킬더킹"
"drama","터치! 메리크리스마스"
"drama","투엔티스"
"drama","파도의 주인"
"drama","패밀리맨"
"drama","페르샤 시즌2"
"drama","펫다이어리"
"drama","펫다이어리2.런"
"drama","평범한 8반"
"drama","프리드로우"
"drama","프린세스 1~4부"
"drama","프린세스 5부"
"drama","프린스의 왕자"
"drama","핑크레이디 클래식"
"drama","하나(HANA)"
"drama","하이브"
"drama","하이브3"
"drama","한번 더 해요"
"drama","한섬세대"
"drama","한줌물망초"
"drama","해피"
"drama","헬로 미스터 테디"
"drama","호랭총각"
"drama","화이트멜로우"
"drama","황금짱순이"
"drama","후유증 2"
"drama","흐드러지다"
"fantasy","2012 지구가 멸망한다면?"
"fantasy","2015 우주특집 단편"
"fantasy","3P"
"fantasy","3단합체김창남"
"fantasy","LOST"
"fantasy","MODERN BOYS"
"fantasy","OH, MY GOD!"
"fantasy","S라인"
"fantasy","wish-마녀의 시간"
"fantasy","가담항설"
"fantasy","강시대소동"
"fantasy","개판"
"fantasy","견우와 직녀"
"fantasy","고고고"
"fantasy","고수"
"fantasy","굿모닝 스페이스"
"fantasy","귀도호가록"
"fantasy","그 판타지 세계에서 사는 법"
"fantasy","그날의 생존자들"
"fantasy","그녀는 흡!혈귀"
"fantasy","기로"
"fantasy","기태류"
"fantasy","나노리스트"
"fantasy","나이트런"
"fantasy","네로의 실험실"
"fantasy","네버랜 연대기"
"fantasy","노네임드(NoNameD)"
"fantasy","노블레스"
"fantasy","놓정동화"
"fantasy","다이스(DICE)"
"fantasy","단군할배요"
"fantasy","더 게이머"
"fantasy","덴마"
"fantasy","동토의 여명"
"fantasy","둥굴레차!"
"fantasy","드래곤레시피"
"fantasy","라크리모사"
"fantasy","레드돌"
"fantasy","레사 시즌2"
"fantasy","레사(lessa)"
"fantasy","레인보우 로즈"
"fantasy","레코닝"
"fantasy","로봇빠찌"
"fantasy","롤랑 수도원 사건일지"
"fantasy","리버스"
"fantasy","리즌"
"fantasy","마루한 - 구현동화전"
"fantasy","마법스크롤상인 지오"
"fantasy","마술사"
"fantasy","만렙소녀 오오라"
"fantasy","매지컬 고삼즈"
"fantasy","모태솔로수용소"
"fantasy","미라클! 용사님"
"fantasy","미호이야기"
"fantasy","바람이 머무는 난"
"fantasy","바로잡는 순애보"
"fantasy","반지의제왕"
"fantasy","방과 후 전쟁활동"
"fantasy","뱀파이어"
"fantasy","뱀피르"
"fantasy","버닝헬"
"fantasy","버퍼링"
"fantasy","번개기동대 2009"
"fantasy","별의 유언"
"fantasy","불량 뱀파이어"
"fantasy","붉은 실"
"fantasy","블랙시저스"
"fantasy","블레이드 노트"
"fantasy","빨간책"
"fantasy","사또(Satto)"
"fantasy","사랑의 외계인"
"fantasy","사이드킥"
"fantasy","사이드킥2"
"fantasy","섀도우"
"fantasy","서북의 저승사자"
"fantasy","소년전[Limit]"
"fantasy","소울카르텔"
"fantasy","숲 속의 미마"
"fantasy","슈퍼 시크릿"
"fantasy","스페이스 차이나드레스"
"fantasy","스페이스 킹"
"fantasy","시간의 섬"
"fantasy","시노딕"
"fantasy","시타를 위하여"
"fantasy","신과함께"
"fantasy","신령"
"fantasy","신의 언어"
"fantasy","신의 탑"
"fantasy","심심한 마왕"
"fantasy","싸귀2 : 퇴마록"
"fantasy","싸우자귀신아"
"fantasy","씬커"
"fantasy","아메리카노 엑소더스"
"fantasy","아스란영웅전"
"fantasy","아이소포스 3부"
"fantasy","아일랜드 1부"
"fantasy","아테나 컴플렉스"
"fantasy","어른스러운 철구"
"fantasy","어빌리티"
"fantasy","언더클래스 히어로"
"fantasy","언더프린"
"fantasy","언터처블"
"fantasy","에이머"
"fantasy","연애세포"
"fantasy","연애의 정령"
"fantasy","열렙전사"
"fantasy","열쇠줍는아이"
"fantasy","옆집화랑"
"fantasy","오!주예수여"
"fantasy","오즈랜드"
"fantasy","외모지상주의"
"fantasy","요리대마왕"
"fantasy","용의 아들 최창식"
"fantasy","용이산다"
"fantasy","원 뿔러스 원"
"fantasy","원티드"
"fantasy","월남특급"
"fantasy","윈터우즈"
"fantasy","은하연인전"
"fantasy","이런 영웅은 싫어"
"fantasy","이말년 서유기"
"fantasy","이상하고 아름다운"
"fantasy","이현세, 이두호의 지옥캠프 단편선"
"fantasy","인챈트-나람이야기"
"fantasy","일사부재리"
"fantasy","전자오락수호대"
"fantasy","제로"
"fantasy","제로게임"
"fantasy","제페토"
"fantasy","조선좀비실록"
"fantasy","좀비를 위한 나라는 없다"
"fantasy","죽은 마법사의 도시"
"fantasy","중립디자인구역"
"fantasy","지상 최악의 소년"
"fantasy","지새는 달"
"fantasy","진진돌이 에볼루션"
"fantasy","천년구미호"
"fantasy","철벽! 연애 시뮬레이션"
"fantasy","초록인간"
"fantasy","출격! 반보트"
"fantasy","카오스어택"
"fantasy","커피우유신화"
"fantasy","쿠베라"
"fantasy","크리퍼스큘"
"fantasy","키스우드"
"fantasy","타투"
"fantasy","탈(TAL)"
"fantasy","테제"
"fantasy","퇴마전쟁"
"fantasy","투명살인"
"fantasy","트럼프"
"fantasy","특수 영능력 수사반"
"fantasy","팀피닉스"
"fantasy","파도의 주인"
"fantasy","파라다이스"
"fantasy","판타지스케치 - 더 게임"
"fantasy","페르샤"
"fantasy","플로우"
"fantasy","플루타크 영웅전"
"fantasy","피리부는 남자"
"fantasy","하이브"
"fantasy","하이브3"
"fantasy","한번 더 해요"
"fantasy","한줌물망초"
"fantasy","호랑이형님"
"fantasy","후유증 2"
"fantasy","히어로메이커"
"historical","2013 전설의고향"
"historical","가담항설"
"historical","고인돌나라의 야물"
"historical","권번기생 비밀의 기억"
"historical","낮에 뜨는 달"
"historical","몽홀"
"historical","묵회"
"historical","문아"
"historical","므시미르"
"historical","반월"
"historical","버닝헬"
"historical","비흔"
"historical","삵의 발톱"
"historical","삼국전투기"
"historical","아이소포스 3부"
"historical","아이소포스"
"historical","오성X한음"
"historical","제주구슬할망"
"historical","조선왕조실톡"
"historical","천국의 신화 6부"
"historical","천국의 신화"
"historical","칼부림"
"historical","태왕광개토"
"historical","페르샤 시즌2"
"historical","페르샤"
"historical","한섬세대"
"historical","호랑이형님"
"historical","흐드러지다"
"omnibus","2011 미스테리 단편"
"omnibus","2012 지구가 멸망한다면?"
"omnibus","2013 전설의고향"
"omnibus","2014 네이버 웹툰, 왓 이프?"
"omnibus","2015 사이"
"omnibus","2015 소름"
"omnibus","2015 우주특집 단편"
"omnibus","S라인"
"omnibus","고(故)길창덕화백 추모웹툰"
"omnibus","고(故)노무현 前대통령 추모웹툰"
"omnibus","고고루키루"
"omnibus","공부하기 좋은 날"
"omnibus","구름의 노래"
"omnibus","국가의 탄생"
"omnibus","금요일"
"omnibus","기기괴괴"
"omnibus","나는 어디에 있는 거니"
"omnibus","낢에게와요"
"omnibus","남기한엘리트만들기"
"omnibus","내가 결혼할 때까지"
"omnibus","내일은 럭키곰스타"
"omnibus","네로의 실험실"
"omnibus","놓정동화"
"omnibus","닥터 프로스트 시즌3"
"omnibus","닥터 프로스트"
"omnibus","덴마"
"omnibus","레인보우 로즈"
"omnibus","리얼주주"
"omnibus","마루한 - 구현동화전"
"omnibus","바나나걸"
"omnibus","블라인드"
"omnibus","사노라면"
"omnibus","사랑in"
"omnibus","삼국전투기"
"omnibus","색으로 말하다"
"omnibus","소곤소곤"
"omnibus","수사9단"
"omnibus","심부름센터 K"
"omnibus","싸우자귀신아"
"omnibus","아스란영웅전"
"omnibus","아이들의 권 선생님"
"omnibus","연"
"omnibus","오민혁 단편선"
"omnibus","우리들은 푸르다"
"omnibus","우바우"
"omnibus","웨스트우드 비브라토"
"omnibus","이말년씨리즈"
"omnibus","입시명문사립 정글고등학교"
"omnibus","자율공상축구탐구만화"
"omnibus","죽음에 관하여"
"omnibus","지옥캠프 단편선 시즌2"
"omnibus","지옥캠프 단편선 시즌3"
"omnibus","지옥캠프 단편선 시즌4"
"omnibus","지옥캠프 단편선 시즌5"
"omnibus","차원이 다른 만화"
"omnibus","차차차"
"omnibus","천적"
"omnibus","카라멜마끼아또"
"omnibus","킬러 김빵빵"
"omnibus","타투"
"omnibus","탐구생활3"
"omnibus","탐구생활4-그대와 함께 하이킹"
"omnibus","핑크레이디 클래식"
"omnibus","하루 3컷"
"omnibus","한 살이라도 어릴 때"
"omnibus","한국만화거장전"
"omnibus","호랭총각"
"omnibus","히어로메이커"
"pure","2015 사이"
"pure","AA"
"pure","ENT."
"pure","Ho!"
"pure","MY OH"
"pure","강변살다"
"pure","거상 김만덕"
"pure","견우와 직녀"
"pure","공주는 잠 못 이루고"
"pure","날로 먹는 연애"
"pure","내 ID는 강남미인!"
"pure","녹두전"
"pure","늘 푸른 찻집"
"pure","당신만 몰라!"
"pure","두근거려요"
"pure","뜨거운 것이 좋아."
"pure","러브슬립 2부"
"pure","러브판타지페이퍼"
"pure","레드초콜릿"
"pure","바이올린처럼."
"pure","방울토마토"
"pure","보톡스"
"pure","블라인드 메르헨"
"pure","블라인드"
"pure","사랑in"
"pure","사랑일까?"
"pure","새와 같이"
"pure","세개의시간"
"pure","세렌디피티"
"pure","소녀의 세계"
"pure","슈퍼 시크릿"
"pure","스튜디오 짭쪼롬"
"pure","스피릿 핑거스"
"pure","시큼새큼"
"pure","시타를 위하여"
"pure","아는사람 이야기"
"pure","안 돼요 마왕님!"
"pure","언터처블"
"pure","에피소드메이비"
"pure","연놈"
"pure","열무가 익어간다"
"pure","열아홉스물하나"
"pure","영수의 봄"
"pure","오!주예수여"
"pure","오렌지 마말레이드"
"pure","올해의 벚꽃도 함께"
"pure","우렁집사"
"pure","우리 헤어졌어요"
"pure","우리의 이상한 여행"
"pure","우연일까?"
"pure","운빨로맨스"
"pure","윈터우즈"
"pure","은하연인전"
"pure","이상하고 아름다운"
"pure","진눈깨비 소년"
"pure","철벽! 연애 시뮬레이션"
"pure","치즈인더트랩 4부"
"pure","카라멜마끼아또"
"pure","카페 드 쇼콜라"
"pure","크레이지 커피 캣"
"pure","터치! 메리크리스마스"
"pure","투명한 동거"
"pure","프린세스 1~4부"
"pure","프린세스 5부"
"pure","프린스의 왕자"
"pure","플라스틱 걸"
"pure","핑크레이디"
"pure","한국만화거장전 : 순정만화특집"
"sensibility","Penguin loves Mev"
"sensibility","겨울동화"
"sensibility","고고고"
"sensibility","그린스마일"
"sensibility","길에서 만나다"
"sensibility","나는 귀머거리다"
"sensibility","남과 여"
"sensibility","내 어린고양이와 늙은개"
"sensibility","닥터 프로스트 시즌3"
"sensibility","동경소녀"
"sensibility","마스크걸"
"sensibility","멍순이"
"sensibility","밥 먹고 갈래요?"
"sensibility","부부생활"
"sensibility","새와 같이"
"sensibility","샌프란시스코 화랑관"
"sensibility","소나기야"
"sensibility","수업시간그녀"
"sensibility","슈퍼 시크릿"
"sensibility","스마일 브러시, 오래된 사진."
"sensibility","스마일브러시"
"sensibility","스피릿 핑거스"
"sensibility","아이덴티티"
"sensibility","아이들은 즐겁다"
"sensibility","여중생A"
"sensibility","오민혁 단편선"
"sensibility","올해의 벚꽃도 함께"
"sensibility","우바우"
"sensibility","움비처럼"
"sensibility","이상하고 아름다운"
"sensibility","일상날개짓"
"sensibility","일편단심화"
"sensibility","진눈깨비 소년"
"sensibility","징글정글"
"sensibility","참치와 돌고래"
"sensibility","터치! 메리크리스마스"
"sensibility","파도의 주인"
"story","17살, 그 여름날의 기적"
"story","2호선 세입자"
"story","3P"
"story","3단합체김창남"
"story","AA"
"story","ENT."
"story","GM"
"story","Ho!"
"story","LOST"
"story","MODERN BOYS"
"story","MY OH"
"story","MZ"
"story","N의등대-busted"
"story","N의등대-thecalling"
"story","N의등대-눈의등대"
"story","N의등대-도망자"
"story","OH, MY GOD!"
"story","SM 플레이어"
"story","TLT (Tiger the Long tail)"
"story","TLT season2"
"story","wish-마녀의 시간"
"story","가담항설"
"story","가우스전자 시즌1~2"
"story","가족사진"
"story","감염자"
"story","갓 오브 하이스쿨"
"story","강변살다"
"story","강시대소동"
"story","개판"
"story","거상 김만덕"
"story","격투기특성화사립고교 극지고"
"story","견우와 직녀"
"story","결계녀"
"story","경운기를 탄 왕자님"
"story","고고고"
"story","고삼이 집나갔다"
"story","고수"
"story","고시생툰"
"story","고인돌나라의 야물"
"story","고향의꽃"
"story","공대생 너무만화"
"story","공복의 저녁식사"
"story","공주는 잠 못 이루고"
"story","국립자유경제 고등학교 세실고"
"story","국립자유경제고등학교 세실고 2학기"
"story","굿모닝 보스"
"story","굿모닝 스페이스"
"story","권번기생 비밀의 기억"
"story","귀도호가록"
"story","그 판타지 세계에서 사는 법"
"story","그날의 생존자들"
"story","그녀는 흡!혈귀"
"story","그런지"
"story","그린보이"
"story","그린스마일"
"story","기로"
"story","기사도"
"story","기적! 우리에게 일어난 일들"
"story","기타맨"
"story","기태류"
"story","길에서 만나다"
"story","까치우는 날"
"story","꽃가족"
"story","꽃밭에솔"
"story","나노리스트"
"story","나는 너를 보았다"
"story","나란의사 그런의사"
"story","나의 목소리를 들어라"
"story","나이트런"
"story","낚시신공"
"story","날로 먹는 연애"
"story","남과 여"
"story","낮에 뜨는 달"
"story","내 ID는 강남미인!"
"story","너와 너 사이"
"story","네가 없는 세상"
"story","네버랜 연대기"
"story","노네임드(NoNameD)"
"story","노블레스"
"story","녹두전"
"story","늘 푸른 찻집"
"story","다욤이의 다이어트 다이어리"
"story","다이스(DICE)"
"story","단군할배요"
"story","단편 할머니 나는내일죽는다"
"story","달수 이야기"
"story","닭통령 계양반"
"story","당신만 몰라!"
"story","대가리"
"story","대작"
"story","더 게이머"
"story","데드데이즈(DEAD DAYS)"
"story","독신으로 살겠다"
"story","돌아온 럭키짱"
"story","동네변호사 조들호 시즌1"
"story","동네변호사 조들호 시즌2"
"story","동토의 여명"
"story","두근거려요"
"story","두근두근두근거려"
"story","둥굴레차!"
"story","드래곤레시피"
"story","딥(DEEP)"
"story","뜨거운 것이 좋아."
"story","라이징패스트볼"
"story","라크리모사"
"story","러브슬립 2부"
"story","러브슬립"
"story","러브판타지페이퍼"
"story","레드돌"
"story","레드초콜릿"
"story","레드카펫"
"story","레사 시즌2"
"story","레사(lessa)"
"story","레코닝"
"story","로봇빠찌"
"story","롤랑 수도원 사건일지"
"story","리버스"
"story","리즌"
"story","리턴"
"story","마녀사냥"
"story","마법스크롤상인 지오"
"story","마술사"
"story","마스크걸"
"story","마야고"
"story","맛집남녀"
"story","매지컬 고삼즈"
"story","멍순이"
"story","멜로홀릭"
"story","모던패밀리"
"story","모디파이"
"story","모태솔로수용소 시즌2"
"story","모태솔로수용소"
"story","목욕의 신"
"story","몽타주"
"story","몽홀"
"story","무한동력"
"story","묵회"
"story","문아"
"story","므시미르"
"story","미결"
"story","미라클! 용사님"
"story","미래소녀"
"story","미선 임파서블"
"story","미숙한 친구는 G구인"
"story","미스테리호러지하철"
"story","미호이야기"
"story","바람의 색"
"story","바람이 머무는 난"
"story","바로잡는 순애보"
"story","바이올린처럼."
"story","반월"
"story","반지의제왕"
"story","방과 후 전쟁활동"
"story","방울토마토"
"story","뱀파이어"
"story","뱀피르"
"story","버닝헬"
"story","버퍼링"
"story","버프소녀 오오라"
"story","번개기동대 2009"
"story","번데기스"
"story","별의 유언"
"story","보톡스"
"story","복학왕"
"story","봄이여 오라"
"story","봉봉오쇼콜라"
"story","부활남"
"story","불량 뱀파이어"
"story","불만시대"
"story","붉은 실"
"story","뷰티풀 군바리"
"story","뷰티플 게임"
"story","블라인드 메르헨"
"story","블랙시저스"
"story","블레이드 노트"
"story","비바 산티아고"
"story","비흔"
"story","빙의"
"story","빵점동맹"
"story","삐뚤빼뚤해도 괜찮아"
"story","사또(Satto)"
"story","사랑을 연기하다"
"story","사랑의 아쿠아리움"
"story","사랑의 외계인"
"story","사랑일까?"
"story","사이드킥"
"story","사이드킥2"
"story","살인자o난감"
"story","삵의 발톱"
"story","삼봉이발소"
"story","상중하"
"story","새끼손가락"
"story","새벽9시"
"story","새와 같이"
"story","샌프란시스코 화랑관"
"story","섀도우"
"story","서북의 저승사자"
"story","세개의시간"
"story","세렌디피티"
"story","소나기야"
"story","소녀더와일즈"
"story","소녀의 세계"
"story","소년전[Limit]"
"story","소설가J"
"story","소울카르텔"
"story","손의 흔적"
"story","송곳 4부"
"story","송곳"
"story","수업시간그녀"
"story","숲 속의 미마"
"story","슈퍼트리오 시즌2"
"story","슈퍼트리오"
"story","스토커"
"story","스튜디오 짭쪼롬"
"story","스퍼맨"
"story","스페이스 차이나드레스"
"story","스페이스 킹"
"story","스펙트럼 분석기"
"story","스피릿 핑거스"
"story","시간의 섬"
"story","시노딕"
"story","시큼새큼"
"story","시타를 위하여"
"story","신과함께"
"story","신령"
"story","신의 언어"
"story","신의 탑"
"story","심심한 마왕"
"story","심연의 하늘 시즌4"
"story","심연의 하늘"
"story","심장이뛰다"
"story","싸귀2 : 퇴마록"
"story","쌉니다 천리마마트"
"story","쎈놈 외전"
"story","쎈놈"
"story","씬커"
"story","아는사람 이야기"
"story","아메리카노 엑소더스"
"story","아부쟁이"
"story","아빠를 찾습니다"
"story","아이덴티티"
"story","아이들은 즐겁다"
"story","아이소포스 3부"
"story","아이소포스"
"story","아일랜드 1부"
"story","아테나 컴플렉스"
"story","악당의 사연"
"story","악연"
"story","악의는 없다"
"story","악플게임"
"story","안 돼요 마왕님!"
"story","안나라수마나라"
"story","알게뭐야"
"story","야! 오이"
"story","야부리맨"
"story","어른스러운 철구"
"story","어빌리티"
"story","어서오세요.305호에"
"story","언더클래스 히어로"
"story","언더프린"
"story","언터처블"
"story","얼룩말"
"story","에이머"
"story","에피소드메이비"
"story","에피소드칵테일"
"story","여중생A"
"story","연 시즌2"
"story","연놈"
"story","연민의 굴레"
"story","연애세포"
"story","연애의 정령"
"story","연애혁명"
"story","연옥님이 보고계셔"
"story","열렙전사"
"story","열무가 익어간다"
"story","열쇠줍는아이"
"story","열아홉스물하나"
"story","영수의 봄"
"story","영웅열공전"
"story","옆집화랑"
"story","오!주예수여"
"story","오늘의 낭만부"
"story","오란씨100"
"story","오렌지 마말레이드"
"story","오성X한음"
"story","오즈랜드"
"story","올해의 벚꽃도 함께"
"story","와일드와일드워커스"
"story","외모지상주의"
"story","요리대마왕"
"story","용의 아들 최창식"
"story","용이산다"
"story","우렁집사"
"story","우리 헤어졌어요"
"story","우리의 이상한 여행"
"story","우연일까?"
"story","우월한하루"
"story","우주전함 몰라몰라"
"story","운빨로맨스"
"story","웃지 않는 개그반 시즌3"
"story","웃지 않는 개그반"
"story","원 뿔러스 원"
"story","원미동 백수"
"story","원티드"
"story","월남특급"
"story","위아더 능력자!"
"story","윈드브레이커"
"story","윈터우즈"
"story","유토피아"
"story","은주의 방 2"
"story","은주의 방"
"story","은하연인전"
"story","의령수"
"story","이런 영웅은 싫어"
"story","이말년 서유기"
"story","이별만화 완성도"
"story","이상하고 아름다운"
"story","인간의 숲"
"story","인챈트-나람이야기"
"story","인형의 기사"
"story","일등당첨"
"story","일사부재리"
"story","잉잉잉"
"story","장미아파트 공경비"
"story","재앙은 미묘하게"
"story","저승에서 만난 사람들"
"story","적생"
"story","전설의 레전드"
"story","전자오락수호대"
"story","절벽귀"
"story","정열맨"
"story","제로"
"story","제로게임"
"story","제주구슬할망"
"story","제페토"
"story","조선좀비실록"
"story","조의 영역"
"story","좀비를 위한 나라는 없다"
"story","죄의 파편"
"story","죽은 마법사의 도시"
"story","중립디자인구역"
"story","증거"
"story","지금 우리 학교는"
"story","지상 최악의 소년"
"story","지새는 달"
"story","지원"
"story","진눈깨비 소년"
"story","진진돌이 에볼루션"
"story","진진돌이 제로"
"story","질풍기획 시즌1"
"story","질풍기획 시즌2"
"story","찌질의 역사"
"story","참치와 돌고래"
"story","창위의일루젼"
"story","천국의 신화 6부"
"story","천국의 신화"
"story","천년구미호"
"story","철벽! 연애 시뮬레이션"
"story","첩보의 별"
"story","체스아일"
"story","체크포인트"
"story","초록인간"
"story","최강전설 강해효"
"story","출격! 반보트"
"story","치즈인더트랩 1~3부"
"story","치즈인더트랩 4부"
"story","카오스어택"
"story","카페 드 쇼콜라"
"story","칼부림"
"story","커피우유신화"
"story","컨트롤제트"
"story","코끼리를 끌어안는 방법"
"story","콘스탄쯔 이야기"
"story","쿠베라"
"story","크레이지 커피 캣"
"story","크레이터"
"story","크리퍼스큘"
"story","키드갱 시즌2"
"story","키드갱"
"story","키스우드"
"story","킥"
"story","킬더킹"
"story","킬러분식"
"story","타임인조선"
"story","탈(TAL)"
"story","탐구생활2"
"story","태왕광개토"
"story","테러맨"
"story","테제"
"story","퇴마전쟁"
"story","투명살인"
"story","투명한 동거"
"story","투엔티스"
"story","트럼프"
"story","특수 영능력 수사반"
"story","팀피닉스"
"story","파도의 주인"
"story","파라다이스"
"story","판타지스케치 - 더 게임"
"story","패밀리맨"
"story","패션왕"
"story","페르샤 시즌2"
"story","페르샤"
"story","펫다이어리"
"story","펫다이어리2.런"
"story","평범한 8반"
"story","폭풍의 전학생 - 리부트"
"story","폭풍의 전학생"
"story","프로젝트 X"
"story","프리드로우"
"story","프린세스 1~4부"
"story","프린세스 5부"
"story","프린스의 왕자"
"story","플라스틱 걸"
"story","플로우"
"story","플루타크 영웅전"
"story","피리부는 남자"
"story","핑크레이디"
"story","하나(HANA)"
"story","하이브"
"story","하이브3"
"story","한국만화거장전 : 순정만화특집"
"story","한번 더 해요"
"story","한섬세대"
"story","한줌물망초"
"story","해피"
"story","향수"
"story","헬로 미스터 테디"
"story","헬퍼 2 : 킬베로스"
"story","헬퍼"
"story","혜성같은 소년"
"story","호랑이형님"
"story","화이트멜로우"
"story","황금짱순이"
"story","후레자식"
"story","후유증 2"
"story","후유증"
"story","흐드러지다"
"thrill","2011 미스테리 단편"
"thrill","2013 전설의고향"
"thrill","2015 소름"
"thrill","LOST"
"thrill","N의등대-busted"
"thrill","N의등대-thecalling"
"thrill","N의등대-눈의등대"
"thrill","N의등대-도망자"
"thrill","감염자"
"thrill","강시대소동"
"thrill","고향의꽃"
"thrill","공부하기 좋은 날"
"thrill","그날의 생존자들"
"thrill","금요일"
"thrill","기기괴괴"
"thrill","나는 너를 보았다"
"thrill","노네임드(NoNameD)"
"thrill","닥터 프로스트 시즌3"
"thrill","대작"
"thrill","데드데이즈(DEAD DAYS)"
"thrill","딥(DEEP)"
"thrill","러브판타지페이퍼"
"thrill","레드카펫"
"thrill","리즌"
"thrill","마야고"
"thrill","멜로홀릭"
"thrill","몽타주"
"thrill","미래소녀"
"thrill","미스테리호러지하철"
"thrill","백귀야행지"
"thrill","버퍼링"
"thrill","빙의"
"thrill","빨간책"
"thrill","살인자o난감"
"thrill","상중하"
"thrill","새벽9시"
"thrill","소곤소곤"
"thrill","수사9단"
"thrill","스토커"
"thrill","심연의 하늘 시즌4"
"thrill","심연의 하늘"
"thrill","아일랜드 1부"
"thrill","악연"
"thrill","악의는 없다"
"thrill","연 시즌2"
"thrill","연"
"thrill","우월한하루"
"thrill","의령수"
"thrill","인간의 숲"
"thrill","일사부재리"
"thrill","재앙은 미묘하게"
"thrill","저승에서 만난 사람들"
"thrill","적생"
"thrill","절벽귀"
"thrill","조선좀비실록"
"thrill","조의 영역"
"thrill","죄의 파편"
"thrill","죽은 마법사의 도시"
"thrill","증거"
"thrill","지금 우리 학교는"
"thrill","초록인간"
"thrill","컨트롤제트"
"thrill","킬더킹"
"thrill","터치! 메리크리스마스"
"thrill","투명살인"
"thrill","프로젝트 X"
"thrill","피리부는 남자"
"thrill","하이브"
"thrill","하이브3"
"thrill","향수"
"thrill","혜성같은 소년"
"thrill","후레자식"
"thrill","후유증 2"
"thrill","후유증"
